{
  "emailTracked": "a27499cad31f42b7a771ae34f57c8358@ct.vtex.com.br",
  "approvedBy": null,
  "cancelledBy": null,
  "cancelReason": null,
  "orderId": "v5195004lux-01",
  "sequence": "502556",
  "marketplaceOrderId": "",
  "marketplaceServicesEndpoint": "http://oms.vtexinternal.com.br/api/oms?an=luxstore",
  "sellerOrderId": "00-v5195004lux-01",
  "origin": "Marketplace",
  "affiliateId": "",
  "salesChannel": "1",
  "merchantName": null,
  "status": "payment-pending",
  "statusDescription": "Pago Pendiente",
  "value": 1160,
  "creationDate": "2019-01-28T20:09:43.899958+00:00",
  "lastChange": "2019-02-06T20:46:11.7010747+00:00",
  "orderGroup": null,
  "totals": [
    {
      "id": "Items",
      "name": "Total dos Itens",
      "value": 3290
    },
    {
      "id": "Discounts",
      "name": "Total dos Descontos",
      "value": 0
    },
    {
      "id": "Shipping",
      "name": "Total do Frete",
      "value": 1160
    },
    {
      "id": "Tax",
      "name": "Total da Taxa",
      "value": 0
    },
    {
      "id": "Change",
      "name": "Total das mudanças",
      "value": -3290
    }
  ],
  "items": [
    {
      "uniqueId": "87F0945396994B349158C7D9C9941442",
      "id": "1234568358",
      "productId": "9429485",
      "ean": null,
      "lockId": "00-v5195004lux-01",
      "itemAttachment": {
        "content": {},
        "name": null
      },
      "attachments": [],
      "quantity": 1,
      "seller": "1",
      "name": "Bay Max L",
      "refId": "BIGHEROBML",
      "price": 3290,
      "listPrice": 3290,
      "manualPrice": null,
      "priceTags": [],
      "imageUrl": "http://luxstore.vteximg.com.br/arquivos/ids/159263-55-55/image-cc1aed75cbfa424a85a94900be3eacec.jpg?v=636795432619830000",
      "detailUrl": "/bay-max-9429485/p",
      "components": [],
      "bundleItems": [],
      "params": [],
      "offerings": [],
      "sellerSku": "1234568358",
      "priceValidUntil": null,
      "commission": 0,
      "tax": 0,
      "preSaleDate": null,
      "additionalInfo": {
        "brandName": "VTEX",
        "brandId": "2000023",
        "categoriesIds": "/1/",
        "productClusterId": "135,142",
        "commercialConditionId": "5",
        "dimension": {
          "cubicweight": 0.7031,
          "height": 15,
          "length": 15,
          "weight": 15,
          "width": 15
        },
        "offeringInfo": null,
        "offeringType": null,
        "offeringTypeId": null
      },
      "measurementUnit": "un",
      "unitMultiplier": 1,
      "sellingPrice": 3290,
      "isGift": false,
      "shippingPrice": null,
      "rewardValue": 0,
      "freightCommission": 0,
      "priceDefinitions": null,
      "taxCode": null,
      "parentItemIndex": null,
      "parentAssemblyBinding": null
    }
  ],
  "marketplaceItems": [],
  "clientProfileData": {
    "id": "clientProfileData",
    "email": "rodrigo.cunha@vtex.com.br",
    "firstName": "Rodrigo",
    "lastName": "VTEX",
    "documentType": "cpf",
    "document": "11047867702",
    "phone": "+5521972321094",
    "corporateName": null,
    "tradeName": null,
    "corporateDocument": null,
    "stateInscription": null,
    "corporatePhone": null,
    "isCorporate": false,
    "userProfileId": "5a3692de-358a-4bea-8885-044bce33bb93",
    "customerClass": null
  },
  "giftRegistryData": null,
  "marketingData": null,
  "ratesAndBenefitsData": {
    "id": "ratesAndBenefitsData",
    "rateAndBenefitsIdentifiers": []
  },
  "shippingData": {
    "id": "shippingData",
    "address": {
      "addressType": "residential",
      "receiverName": "Rodrigo Cunha",
      "addressId": "-1425945657910",
      "postalCode": "22250-040",
      "city": "Rio de Janeiro",
      "state": "RJ",
      "country": "BRA",
      "street": "Praia de Botafogo",
      "number": "300",
      "neighborhood": "Botafogo",
      "complement": "3",
      "reference": null,
      "geoCoordinates": []
    },
    "logisticsInfo": [
      {
        "itemIndex": 0,
        "selectedSla": "Normal",
        "lockTTL": "10d",
        "price": 1160,
        "listPrice": 1160,
        "sellingPrice": 1160,
        "deliveryWindow": null,
        "deliveryCompany": "Todos os CEPS",
        "shippingEstimate": "5bd",
        "shippingEstimateDate": "2019-02-04T20:33:46.4595004+00:00",
        "slas": [
          {
            "id": "Normal",
            "name": "Normal",
            "shippingEstimate": "5bd",
            "deliveryWindow": null,
            "price": 1160,
            "deliveryChannel": "delivery",
            "pickupStoreInfo": {
              "additionalInfo": null,
              "address": null,
              "dockId": null,
              "friendlyName": null,
              "isPickupStore": false
            },
            "polygonName": null
          },
          {
            "id": "Expressa",
            "name": "Expressa",
            "shippingEstimate": "5bd",
            "deliveryWindow": null,
            "price": 1160,
            "deliveryChannel": "delivery",
            "pickupStoreInfo": {
              "additionalInfo": null,
              "address": null,
              "dockId": null,
              "friendlyName": null,
              "isPickupStore": false
            },
            "polygonName": null
          },
          {
            "id": "Quebra Kit",
            "name": "Quebra Kit",
            "shippingEstimate": "2bd",
            "deliveryWindow": null,
            "price": 1392,
            "deliveryChannel": "delivery",
            "pickupStoreInfo": {
              "additionalInfo": null,
              "address": null,
              "dockId": null,
              "friendlyName": null,
              "isPickupStore": false
            },
            "polygonName": null
          },
          {
            "id": "Sob Encomenda",
            "name": "Sob Encomenda",
            "shippingEstimate": "32bd",
            "deliveryWindow": null,
            "price": 1392,
            "deliveryChannel": "delivery",
            "pickupStoreInfo": {
              "additionalInfo": null,
              "address": null,
              "dockId": null,
              "friendlyName": null,
              "isPickupStore": false
            },
            "polygonName": null
          }
        ],
        "shipsTo": ["BRA"],
        "deliveryIds": [
          {
            "courierId": "197a56f",
            "courierName": "Todos os CEPS",
            "dockId": "1",
            "quantity": 1,
            "warehouseId": "1_1"
          }
        ],
        "deliveryChannel": "delivery",
        "pickupStoreInfo": {
          "additionalInfo": null,
          "address": null,
          "dockId": null,
          "friendlyName": null,
          "isPickupStore": false
        },
        "addressId": "-1425945657910",
        "polygonName": null
      }
    ],
    "trackingHints": null,
    "selectedAddresses": [
      {
        "addressId": "-1425945657910",
        "addressType": "residential",
        "receiverName": "Rodrigo Cunha",
        "street": "Praia de Botafogo",
        "number": "518",
        "complement": "10",
        "neighborhood": "Botafogo",
        "postalCode": "22250-040",
        "city": "Rio de Janeiro",
        "state": "RJ",
        "country": "BRA",
        "reference": null,
        "geoCoordinates": []
      }
    ]
  },
  "paymentData": {
    "transactions": [
      {
        "isActive": true,
        "transactionId": "418213DE29634837A63DD693A937A696",
        "merchantName": "luxstore",
        "payments": [
            {
                "id": "721CBE1090324D12ABE301FE33DE775A",
                "paymentSystem": "4",
                "paymentSystemName": "Mastercard",
                "value": 10150,
                "installments": 1,
                "referenceValue": 10150,
                "cardHolder": null,
                "cardNumber": null,
                "firstDigits": "412341",
                "lastDigits": "4123",
                "cvv2": null,
                "expireMonth": null,
                "expireYear": null,
                "url": null,
                "giftCardId": null,
                "giftCardName": null,
                "giftCardCaption": null,
                "redemptionCode": null,
                "group": "creditCard",
                "tid": "101770752",
                "dueDate": null,
                "connectorResponses": {
                  "Tid": "101770752",
                  "ReturnCode": null,
                  "Message": null,
                  "authId": "170852"
                }
              }
        ]
      }
    ]
  },
  "packageAttachment": {
    "packages": []
  },
  "sellers": [
    {
      "id": "1",
      "name": "Loja do Suporte",
      "logo": ""
    }
  ],
  "callCenterOperatorData": null,
  "followUpEmail": "7bf3a59bbc56402c810bda9521ba449e@ct.vtex.com.br",
  "lastMessage": null,
  "hostname": "luxstore",
  "invoiceData": null,
  "changesAttachment": {
    "id": "changeAttachment",
    "changesData": [
      {
        "reason": "Blah",
        "discountValue": 3290,
        "incrementValue": 0,
        "itemsAdded": [],
        "itemsRemoved": [
          {
            "id": "1234568358",
            "name": "Bay Max L",
            "quantity": 1,
            "price": 3290,
            "unitMultiplier": null
          }
        ],
        "receipt": {
          "date": "2019-02-06T20:46:04.4003606+00:00",
          "orderId": "v5195004lux-01",
          "receipt": "029f9ab8-751a-4b1e-bf81-7dd25d14b49b"
        }
      }
    ]
  },
  "openTextField": null,
  "roundingError": 0,
  "orderFormId": "caae7471333e403f959fa5fd66951340",
  "commercialConditionData": null,
  "isCompleted": true,
  "customData": null,
  "storePreferencesData": {
    "countryCode": "BRA",
    "currencyCode": "BRL",
    "currencyFormatInfo": {
      "CurrencyDecimalDigits": 2,
      "CurrencyDecimalSeparator": ",",
      "CurrencyGroupSeparator": ".",
      "CurrencyGroupSize": 3,
      "StartsWithCurrencySymbol": true
    },
    "currencyLocale": 1046,
    "currencySymbol": "R$",
    "timeZone": "E. South America Standard Time"
  },
  "allowCancellation": false,
  "allowEdition": false,
  "isCheckedIn": false,
  "marketplace": {
    "baseURL": "http://oms.vtexinternal.com.br/api/oms?an=luxstore",
    "isCertified": null,
    "name": "luxstore"
  },
  "authorizedDate": "2019-01-28T20:33:04+00:00",
  "invoicedDate": null
}
